lineage	scope	seed	panel_id	scenario	approach	n_leaves	n_contaminants	n_predicted	n_true_positive	n_false_positive	precision	recall	f1	tree_rf_delta	collateral_genome_loss_count	runtime_seconds	status
chlam	genus	101	chlam_genus	replacement_only	recipient_consensus	0	4	0	0	0	0.0	0.0	0.0	0.0	0	0.0	ok
chlam	genus	101	chlam_genus	replacement_only	gcp	486	4	6	1	5	0.16666666666666666	0.25	0.2	0.0	0	0.2458028793334961	ok
chlam	genus	101	chlam_genus	replacement_only	cmtv	486	4	25	1	24	0.04	0.25	0.06896551724137932	0.0	0	0.23180484771728516	ok
chlam	genus	101	chlam_genus	replacement_only	plie	486	4	28	1	27	0.03571428571428571	0.25	0.0625	0.0	0	0.6101655960083008	ok
chlam	genus	101	chlam_genus	combined	recipient_consensus	0	4	1	1	0	1.0	0.25	0.4	-0.0212765957446808	0	0.0	ok
chlam	genus	101	chlam_genus	combined	gcp	486	4	5	1	4	0.2	0.25	0.22222222222222224	0.0	0	0.2307591438293457	ok
chlam	genus	101	chlam_genus	combined	cmtv	486	4	29	2	27	0.06896551724137931	0.5	0.1212121212121212	0.0	0	0.22316789627075195	ok
chlam	genus	101	chlam_genus	combined	plie	486	4	25	2	23	0.08	0.5	0.13793103448275865	0.0	0	0.38219475746154785	ok
chlam	genus	202	chlam_genus	replacement_only	recipient_consensus	0	4	1	1	0	1.0	0.25	0.4	0.0	0	0.0	ok
chlam	genus	202	chlam_genus	replacement_only	gcp	486	4	7	1	6	0.14285714285714285	0.25	0.18181818181818182	0.0	0	0.2282729148864746	ok
chlam	genus	202	chlam_genus	replacement_only	cmtv	486	4	28	2	26	0.07142857142857142	0.5	0.125	0.0	0	0.22540974617004395	ok
chlam	genus	202	chlam_genus	replacement_only	plie	486	4	22	1	21	0.045454545454545456	0.25	0.07692307692307693	0.0	0	0.28795766830444336	ok
chlam	genus	202	chlam_genus	combined	recipient_consensus	0	4	1	1	0	1.0	0.25	0.4	0.0	0	0.0	ok
chlam	genus	202	chlam_genus	combined	gcp	486	4	8	2	6	0.25	0.5	0.3333333333333333	0.0	0	0.23101210594177246	ok
chlam	genus	202	chlam_genus	combined	cmtv	486	4	25	1	24	0.04	0.25	0.06896551724137932	0.0	0	0.22350382804870605	ok
chlam	genus	202	chlam_genus	combined	plie	486	4	26	2	24	0.07692307692307693	0.5	0.13333333333333336	0.0	0	0.26722073554992676	ok
chlam	genus	303	chlam_genus	replacement_only	recipient_consensus	0	4	0	0	0	0.0	0.0	0.0	0.0	0	0.0	ok
chlam	genus	303	chlam_genus	replacement_only	gcp	486	4	6	0	6	0.0	0.0	0.0	0.0	0	0.23145747184753418	ok
chlam	genus	303	chlam_genus	replacement_only	cmtv	486	4	23	1	22	0.043478260869565216	0.25	0.07407407407407408	0.0	0	0.22478652000427246	ok
chlam	genus	303	chlam_genus	replacement_only	plie	486	4	25	1	24	0.04	0.25	0.06896551724137932	0.0	0	0.3176875114440918	ok
chlam	genus	303	chlam_genus	combined	recipient_consensus	0	4	0	0	0	0.0	0.0	0.0	0.0425531914893617	0	0.0	ok
chlam	genus	303	chlam_genus	combined	gcp	486	4	3	0	3	0.0	0.0	0.0	0.0	0	0.23615097999572754	ok
chlam	genus	303	chlam_genus	combined	cmtv	486	4	27	2	25	0.07407407407407407	0.5	0.12903225806451613	0.0	0	0.22453832626342773	ok
chlam	genus	303	chlam_genus	combined	plie	486	4	28	1	27	0.03571428571428571	0.25	0.0625	0.0	0	0.27036166191101074	ok
chlam	family	101	chlam_family	replacement_only	recipient_consensus	0	4	4	4	0	1.0	1.0	1.0	0.0	0	0.0	ok
chlam	family	101	chlam_family	replacement_only	gcp	486	4	8	4	4	0.5	1.0	0.6666666666666666	0.0	0	0.22832989692687988	ok
chlam	family	101	chlam_family	replacement_only	cmtv	486	4	26	0	26	0.0	0.0	0.0	0.0	0	0.21671628952026367	ok
chlam	family	101	chlam_family	replacement_only	plie	486	4	21	4	17	0.19047619047619047	1.0	0.32	0.0	0	0.26722097396850586	ok
chlam	family	101	chlam_family	combined	recipient_consensus	0	4	3	3	0	1.0	0.75	0.8571428571428571	0.1914893617021276	0	0.0	ok
chlam	family	101	chlam_family	combined	gcp	486	4	8	4	4	0.5	1.0	0.6666666666666666	0.0	0	0.23117613792419434	ok
chlam	family	101	chlam_family	combined	cmtv	486	4	25	1	24	0.04	0.25	0.06896551724137932	0.0	0	0.2207798957824707	ok
chlam	family	101	chlam_family	combined	plie	486	4	26	4	22	0.15384615384615385	1.0	0.2666666666666667	0.0	0	0.2701990604400635	ok
chlam	family	202	chlam_family	replacement_only	recipient_consensus	0	4	3	3	0	1.0	0.75	0.8571428571428571	0.0	0	0.0	ok
chlam	family	202	chlam_family	replacement_only	gcp	486	4	7	3	4	0.42857142857142855	0.75	0.5454545454545454	0.0	0	0.2300889492034912	ok
chlam	family	202	chlam_family	replacement_only	cmtv	486	4	25	1	24	0.04	0.25	0.06896551724137932	0.0	0	0.225020170211792	ok
chlam	family	202	chlam_family	replacement_only	plie	486	4	19	3	16	0.15789473684210525	0.75	0.2608695652173913	0.0	0	0.2633697986602783	ok
chlam	family	202	chlam_family	combined	recipient_consensus	0	4	3	3	0	1.0	0.75	0.8571428571428571	0.0	0	0.0	ok
chlam	family	202	chlam_family	combined	gcp	486	4	8	4	4	0.5	1.0	0.6666666666666666	0.0	0	0.2278280258178711	ok
chlam	family	202	chlam_family	combined	cmtv	486	4	22	1	21	0.045454545454545456	0.25	0.07692307692307693	0.0	0	0.2225499153137207	ok
chlam	family	202	chlam_family	combined	plie	486	4	22	4	18	0.18181818181818182	1.0	0.3076923076923077	0.0	0	0.2633938789367676	ok
chlam	family	303	chlam_family	replacement_only	recipient_consensus	0	4	4	4	0	1.0	1.0	1.0	0.0638297872340425	0	0.0	ok
chlam	family	303	chlam_family	replacement_only	gcp	486	4	8	4	4	0.5	1.0	0.6666666666666666	0.0	0	0.2279360294342041	ok
chlam	family	303	chlam_family	replacement_only	cmtv	486	4	21	0	21	0.0	0.0	0.0	0.0	0	0.2226705551147461	ok
chlam	family	303	chlam_family	replacement_only	plie	486	4	25	4	21	0.16	1.0	0.2758620689655173	0.0	0	0.276012659072876	ok
chlam	family	303	chlam_family	combined	recipient_consensus	0	4	3	3	0	1.0	0.75	0.8571428571428571	0.0425531914893617	0	0.0	ok
chlam	family	303	chlam_family	combined	gcp	486	4	8	3	5	0.375	0.75	0.5	0.0	0	0.22744226455688477	ok
chlam	family	303	chlam_family	combined	cmtv	486	4	24	1	23	0.041666666666666664	0.25	0.07142857142857142	0.0	0	0.22538042068481445	ok
chlam	family	303	chlam_family	combined	plie	486	4	18	4	14	0.2222222222222222	1.0	0.3636363636363636	0.0	0	0.30803632736206055	ok
chlam	order	101	chlam_order	replacement_only	recipient_consensus	0	4	3	3	0	1.0	0.75	0.8571428571428571	0.0	0	0.0	ok
chlam	order	101	chlam_order	replacement_only	gcp	486	4	7	4	3	0.5714285714285714	1.0	0.7272727272727273	0.0	0	0.22773241996765137	ok
chlam	order	101	chlam_order	replacement_only	cmtv	486	4	24	1	23	0.041666666666666664	0.25	0.07142857142857142	0.0	0	0.21854829788208008	ok
chlam	order	101	chlam_order	replacement_only	plie	486	4	24	4	20	0.16666666666666666	1.0	0.2857142857142857	0.0	0	0.29932570457458496	ok
chlam	order	101	chlam_order	combined	recipient_consensus	0	4	3	3	0	1.0	0.75	0.8571428571428571	0.0425531914893616	0	0.0	ok
chlam	order	101	chlam_order	combined	gcp	486	4	7	3	4	0.42857142857142855	0.75	0.5454545454545454	0.0	0	0.22771573066711426	ok
chlam	order	101	chlam_order	combined	cmtv	486	4	25	0	25	0.0	0.0	0.0	0.0	0	0.21966814994812012	ok
chlam	order	101	chlam_order	combined	plie	486	4	20	4	16	0.2	1.0	0.33333333333333337	0.0	0	0.3338499069213867	ok
chlam	order	202	chlam_order	replacement_only	recipient_consensus	0	4	1	1	0	1.0	0.25	0.4	0.0212765957446808	0	0.0	ok
chlam	order	202	chlam_order	replacement_only	gcp	486	4	6	3	3	0.5	0.75	0.6	0.0	0	0.23572993278503418	ok
chlam	order	202	chlam_order	replacement_only	cmtv	486	4	27	3	24	0.1111111111111111	0.75	0.19354838709677416	0.0	0	0.22567415237426758	ok
chlam	order	202	chlam_order	replacement_only	plie	486	4	19	4	15	0.21052631578947367	1.0	0.34782608695652173	0.0	0	0.30806517601013184	ok
chlam	order	202	chlam_order	combined	recipient_consensus	0	4	4	4	0	1.0	1.0	1.0	0.1063829787234042	0	0.0	ok
chlam	order	202	chlam_order	combined	gcp	486	4	9	4	5	0.4444444444444444	1.0	0.6153846153846153	0.0	0	0.22786450386047363	ok
chlam	order	202	chlam_order	combined	cmtv	486	4	25	0	25	0.0	0.0	0.0	0.0	0	0.22263360023498535	ok
chlam	order	202	chlam_order	combined	plie	486	4	23	4	19	0.17391304347826086	1.0	0.29629629629629634	0.0	0	0.33745241165161133	ok
chlam	order	303	chlam_order	replacement_only	recipient_consensus	0	4	2	2	0	1.0	0.5	0.6666666666666666	0.0212765957446808	0	0.0	ok
chlam	order	303	chlam_order	replacement_only	gcp	486	4	6	4	2	0.6666666666666666	1.0	0.8	0.0	0	0.22684407234191895	ok
chlam	order	303	chlam_order	replacement_only	cmtv	486	4	21	0	21	0.0	0.0	0.0	0.0	0	0.24782609939575195	ok
chlam	order	303	chlam_order	replacement_only	plie	486	4	20	4	16	0.2	1.0	0.33333333333333337	0.0	0	0.2861461639404297	ok
chlam	order	303	chlam_order	combined	recipient_consensus	0	4	2	2	0	1.0	0.5	0.6666666666666666	0.1276595744680851	0	0.0	ok
chlam	order	303	chlam_order	combined	gcp	486	4	8	3	5	0.375	0.75	0.5	0.0	0	0.23655223846435547	ok
chlam	order	303	chlam_order	combined	cmtv	486	4	28	1	27	0.03571428571428571	0.25	0.0625	0.0	0	0.22079133987426758	ok
chlam	order	303	chlam_order	combined	plie	486	4	28	3	25	0.10714285714285714	0.75	0.1875	0.0	0	0.27440500259399414	ok
chlam	mixed_high_level	101	chlam_mixed_high_level	mixed_high_level	recipient_consensus	0	5	2	2	0	1.0	0.4	0.5714285714285715	0.0425531914893617	0	0.0	ok
chlam	mixed_high_level	101	chlam_mixed_high_level	mixed_high_level	gcp	486	5	6	4	2	0.6666666666666666	0.8	0.7272727272727272	0.0	0	0.2282578945159912	ok
chlam	mixed_high_level	101	chlam_mixed_high_level	mixed_high_level	cmtv	486	5	23	2	21	0.08695652173913043	0.4	0.14285714285714285	0.0	0	0.21892666816711426	ok
chlam	mixed_high_level	101	chlam_mixed_high_level	mixed_high_level	plie	486	5	17	4	13	0.23529411764705882	0.8	0.3636363636363636	0.0	0	0.2932894229888916	ok
chlam	mixed_high_level	202	chlam_mixed_high_level	mixed_high_level	recipient_consensus	0	5	2	2	0	1.0	0.4	0.5714285714285715	0.0851063829787234	0	0.0	ok
chlam	mixed_high_level	202	chlam_mixed_high_level	mixed_high_level	gcp	486	5	8	4	4	0.5	0.8	0.6153846153846154	0.0	0	0.22756719589233398	ok
chlam	mixed_high_level	202	chlam_mixed_high_level	mixed_high_level	cmtv	486	5	25	1	24	0.04	0.2	0.06666666666666667	0.0	0	0.2225797176361084	ok
chlam	mixed_high_level	202	chlam_mixed_high_level	mixed_high_level	plie	486	5	29	4	25	0.13793103448275862	0.8	0.2352941176470588	0.0	0	0.3064393997192383	ok
chlam	mixed_high_level	303	chlam_mixed_high_level	mixed_high_level	recipient_consensus	0	5	2	2	0	1.0	0.4	0.5714285714285715	-0.0212765957446808	0	0.0	ok
chlam	mixed_high_level	303	chlam_mixed_high_level	mixed_high_level	gcp	486	5	4	3	1	0.75	0.6	0.6666666666666665	0.0	0	0.2280597686767578	ok
chlam	mixed_high_level	303	chlam_mixed_high_level	mixed_high_level	cmtv	486	5	25	1	24	0.04	0.2	0.06666666666666667	0.0	0	0.21828746795654297	ok
chlam	mixed_high_level	303	chlam_mixed_high_level	mixed_high_level	plie	486	5	13	3	10	0.23076923076923078	0.6	0.33333333333333337	0.0	0	0.3206028938293457	ok
flavo	genus	101	flavo_genus	replacement_only	recipient_consensus	0	4	2	2	0	1.0	0.5	0.6666666666666666	0.0	0	0.0	ok
flavo	genus	101	flavo_genus	replacement_only	gcp	500	4	8	3	5	0.375	0.75	0.5	0.0	0	0.22844982147216797	ok
flavo	genus	101	flavo_genus	replacement_only	cmtv	500	4	34	1	33	0.029411764705882353	0.25	0.05263157894736842	0.0	0	0.2193293571472168	ok
flavo	genus	101	flavo_genus	replacement_only	plie	500	4	24	3	21	0.125	0.75	0.21428571428571427	0.0	0	0.26450037956237793	ok
flavo	genus	101	flavo_genus	combined	recipient_consensus	0	4	2	2	0	1.0	0.5	0.6666666666666666	0.1276595744680851	0	0.0	ok
flavo	genus	101	flavo_genus	combined	gcp	500	4	6	3	3	0.5	0.75	0.6	0.0	0	0.22838234901428223	ok
flavo	genus	101	flavo_genus	combined	cmtv	500	4	32	1	31	0.03125	0.25	0.05555555555555555	0.0	0	0.21966075897216797	ok
flavo	genus	101	flavo_genus	combined	plie	500	4	23	3	20	0.13043478260869565	0.75	0.22222222222222218	0.0	0	0.2650158405303955	ok
flavo	genus	202	flavo_genus	replacement_only	recipient_consensus	0	4	2	2	0	1.0	0.5	0.6666666666666666	0.0	0	0.0	ok
flavo	genus	202	flavo_genus	replacement_only	gcp	500	4	8	3	5	0.375	0.75	0.5	0.0	0	0.2616705894470215	ok
flavo	genus	202	flavo_genus	replacement_only	cmtv	500	4	34	1	33	0.029411764705882353	0.25	0.05263157894736842	0.0	0	0.235090970993042	ok
flavo	genus	202	flavo_genus	replacement_only	plie	500	4	19	3	16	0.15789473684210525	0.75	0.2608695652173913	0.0	0	0.2633705139160156	ok
flavo	genus	202	flavo_genus	combined	recipient_consensus	0	4	2	2	0	1.0	0.5	0.6666666666666666	0.0638297872340425	0	0.0	ok
flavo	genus	202	flavo_genus	combined	gcp	500	4	7	4	3	0.5714285714285714	1.0	0.7272727272727273	0.0	0	0.23020267486572266	ok
flavo	genus	202	flavo_genus	combined	cmtv	500	4	35	2	33	0.05714285714285714	0.5	0.10256410256410256	0.0	0	0.21991562843322754	ok
flavo	genus	202	flavo_genus	combined	plie	500	4	19	4	15	0.21052631578947367	1.0	0.34782608695652173	0.0	0	0.2551150321960449	ok
flavo	genus	303	flavo_genus	replacement_only	recipient_consensus	0	4	1	1	0	1.0	0.25	0.4	-0.0425531914893616	0	0.0	ok
flavo	genus	303	flavo_genus	replacement_only	gcp	500	4	7	3	4	0.42857142857142855	0.75	0.5454545454545454	0.0	0	0.22751379013061523	ok
flavo	genus	303	flavo_genus	replacement_only	cmtv	500	4	34	2	32	0.058823529411764705	0.5	0.10526315789473684	0.0	0	0.22052383422851562	ok
flavo	genus	303	flavo_genus	replacement_only	plie	500	4	22	3	19	0.13636363636363635	0.75	0.23076923076923075	0.0	0	0.2546372413635254	ok
flavo	genus	303	flavo_genus	combined	recipient_consensus	0	4	1	1	0	1.0	0.25	0.4	0.0	0	0.0	ok
flavo	genus	303	flavo_genus	combined	gcp	500	4	5	1	4	0.2	0.25	0.22222222222222224	0.0	0	0.23205351829528809	ok
flavo	genus	303	flavo_genus	combined	cmtv	500	4	36	2	34	0.05555555555555555	0.5	0.09999999999999999	0.0	0	0.22525954246520996	ok
flavo	genus	303	flavo_genus	combined	plie	500	4	25	3	22	0.12	0.75	0.20689655172413793	0.0	0	0.2550499439239502	ok
flavo	family	101	flavo_family	replacement_only	recipient_consensus	0	4	2	2	0	1.0	0.5	0.6666666666666666	0.0	0	0.0	ok
flavo	family	101	flavo_family	replacement_only	gcp	500	4	5	3	2	0.6	0.75	0.6666666666666665	0.0	0	0.23253083229064941	ok
flavo	family	101	flavo_family	replacement_only	cmtv	500	4	34	1	33	0.029411764705882353	0.25	0.05263157894736842	0.0	0	0.22683119773864746	ok
flavo	family	101	flavo_family	replacement_only	plie	500	4	14	2	12	0.14285714285714285	0.5	0.22222222222222224	0.0	0	0.2601783275604248	ok
flavo	family	101	flavo_family	combined	recipient_consensus	0	4	1	1	0	1.0	0.25	0.4	0.0212765957446808	0	0.0	ok
flavo	family	101	flavo_family	combined	gcp	500	4	8	3	5	0.375	0.75	0.5	0.0	0	0.22978520393371582	ok
flavo	family	101	flavo_family	combined	cmtv	500	4	34	3	31	0.08823529411764706	0.75	0.15789473684210525	0.0	0	0.22073674201965332	ok
flavo	family	101	flavo_family	combined	plie	500	4	25	4	21	0.16	1.0	0.2758620689655173	0.0	0	0.25789618492126465	ok
flavo	family	202	flavo_family	replacement_only	recipient_consensus	0	4	2	2	0	1.0	0.5	0.6666666666666666	-0.0212765957446808	0	0.0	ok
flavo	family	202	flavo_family	replacement_only	gcp	500	4	8	4	4	0.5	1.0	0.6666666666666666	0.0	0	0.22925615310668945	ok
flavo	family	202	flavo_family	replacement_only	cmtv	500	4	33	2	31	0.06060606060606061	0.5	0.10810810810810813	0.0	0	0.22191166877746582	ok
flavo	family	202	flavo_family	replacement_only	plie	500	4	25	4	21	0.16	1.0	0.2758620689655173	0.0	0	0.27779507637023926	ok
flavo	family	202	flavo_family	combined	recipient_consensus	0	4	1	1	0	1.0	0.25	0.4	0.0	0	0.0	ok
flavo	family	202	flavo_family	combined	gcp	500	4	9	4	5	0.4444444444444444	1.0	0.6153846153846153	0.0	0	0.22978782653808594	ok
flavo	family	202	flavo_family	combined	cmtv	500	4	35	3	32	0.08571428571428572	0.75	0.15384615384615383	0.0	0	0.22458744049072266	ok
flavo	family	202	flavo_family	combined	plie	500	4	26	4	22	0.15384615384615385	1.0	0.2666666666666667	0.0	0	0.2580716609954834	ok
flavo	family	303	flavo_family	replacement_only	recipient_consensus	0	4	1	1	0	1.0	0.25	0.4	0.0	0	0.0	ok
flavo	family	303	flavo_family	replacement_only	gcp	500	4	4	3	1	0.75	0.75	0.75	0.0	0	0.22742962837219238	ok
flavo	family	303	flavo_family	replacement_only	cmtv	500	4	32	3	29	0.09375	0.75	0.16666666666666666	0.0	0	0.2460792064666748	ok
flavo	family	303	flavo_family	replacement_only	plie	500	4	19	3	16	0.15789473684210525	0.75	0.2608695652173913	0.0	0	0.257796049118042	ok
flavo	family	303	flavo_family	combined	recipient_consensus	0	4	1	1	0	1.0	0.25	0.4	0.0	0	0.0	ok
flavo	family	303	flavo_family	combined	gcp	500	4	7	3	4	0.42857142857142855	0.75	0.5454545454545454	0.0	0	0.2263500690460205	ok
flavo	family	303	flavo_family	combined	cmtv	500	4	34	3	31	0.08823529411764706	0.75	0.15789473684210525	0.0	0	0.2267768383026123	ok
flavo	family	303	flavo_family	combined	plie	500	4	24	3	21	0.125	0.75	0.21428571428571427	0.0	0	0.3062257766723633	ok
flavo	order	101	flavo_order	replacement_only	recipient_consensus	0	4	3	3	0	1.0	0.75	0.8571428571428571	0.0	0	0.0	ok
flavo	order	101	flavo_order	replacement_only	gcp	500	4	7	4	3	0.5714285714285714	1.0	0.7272727272727273	0.0	0	0.22860503196716309	ok
flavo	order	101	flavo_order	replacement_only	cmtv	500	4	33	0	33	0.0	0.0	0.0	0.0	0	0.2223525047302246	ok
flavo	order	101	flavo_order	replacement_only	plie	500	4	22	4	18	0.18181818181818182	1.0	0.3076923076923077	0.0	0	0.2713327407836914	ok
flavo	order	101	flavo_order	combined	recipient_consensus	0	4	1	1	0	1.0	0.25	0.4	0.0212765957446808	0	0.0	ok
flavo	order	101	flavo_order	combined	gcp	500	4	8	4	4	0.5	1.0	0.6666666666666666	0.0	0	0.23159122467041016	ok
flavo	order	101	flavo_order	combined	cmtv	500	4	35	2	33	0.05714285714285714	0.5	0.10256410256410256	0.0	0	0.2230379581451416	ok
flavo	order	101	flavo_order	combined	plie	500	4	23	4	19	0.17391304347826086	1.0	0.29629629629629634	0.0	0	0.2785320281982422	ok
flavo	order	202	flavo_order	replacement_only	recipient_consensus	0	4	2	2	0	1.0	0.5	0.6666666666666666	-0.0212765957446808	0	0.0	ok
flavo	order	202	flavo_order	replacement_only	gcp	500	4	6	4	2	0.6666666666666666	1.0	0.8	0.0	0	0.2277817726135254	ok
flavo	order	202	flavo_order	replacement_only	cmtv	500	4	33	2	31	0.06060606060606061	0.5	0.10810810810810813	0.0	0	0.21915078163146973	ok
flavo	order	202	flavo_order	replacement_only	plie	500	4	24	4	20	0.16666666666666666	1.0	0.2857142857142857	0.0	0	0.26233506202697754	ok
flavo	order	202	flavo_order	combined	recipient_consensus	0	4	2	2	0	1.0	0.5	0.6666666666666666	0.0212765957446808	0	0.0	ok
flavo	order	202	flavo_order	combined	gcp	500	4	7	4	3	0.5714285714285714	1.0	0.7272727272727273	0.0	0	0.23362994194030762	ok
flavo	order	202	flavo_order	combined	cmtv	500	4	33	2	31	0.06060606060606061	0.5	0.10810810810810813	0.0	0	0.22850584983825684	ok
flavo	order	202	flavo_order	combined	plie	500	4	26	4	22	0.15384615384615385	1.0	0.2666666666666667	0.0	0	0.25472521781921387	ok
flavo	order	303	flavo_order	replacement_only	recipient_consensus	0	4	1	1	0	1.0	0.25	0.4	0.0	0	0.0	ok
flavo	order	303	flavo_order	replacement_only	gcp	500	4	7	4	3	0.5714285714285714	1.0	0.7272727272727273	0.0	0	0.2285628318786621	ok
flavo	order	303	flavo_order	replacement_only	cmtv	500	4	34	3	31	0.08823529411764706	0.75	0.15789473684210525	0.0	0	0.22092270851135254	ok
flavo	order	303	flavo_order	replacement_only	plie	500	4	24	4	20	0.16666666666666666	1.0	0.2857142857142857	0.0	0	0.2589399814605713	ok
flavo	order	303	flavo_order	combined	recipient_consensus	0	4	1	1	0	1.0	0.25	0.4	0.0	0	0.0	ok
flavo	order	303	flavo_order	combined	gcp	500	4	6	3	3	0.5	0.75	0.6	0.0	0	0.2350001335144043	ok
flavo	order	303	flavo_order	combined	cmtv	500	4	33	3	30	0.09090909090909091	0.75	0.16216216216216214	0.0	0	0.22272562980651855	ok
flavo	order	303	flavo_order	combined	plie	500	4	22	3	19	0.13636363636363635	0.75	0.23076923076923075	0.0	0	0.2820303440093994	ok
flavo	mixed_high_level	101	flavo_mixed_high_level	mixed_high_level	recipient_consensus	0	5	3	3	0	1.0	0.6	0.7499999999999999	0.0638297872340425	0	0.0	ok
flavo	mixed_high_level	101	flavo_mixed_high_level	mixed_high_level	gcp	500	5	7	5	2	0.7142857142857143	1.0	0.8333333333333333	0.0	0	0.229248046875	ok
flavo	mixed_high_level	101	flavo_mixed_high_level	mixed_high_level	cmtv	500	5	31	2	29	0.06451612903225806	0.4	0.1111111111111111	0.0	0	0.21990489959716797	ok
flavo	mixed_high_level	101	flavo_mixed_high_level	mixed_high_level	plie	500	5	20	5	15	0.25	1.0	0.4	0.0	0	0.26440858840942383	ok
flavo	mixed_high_level	202	flavo_mixed_high_level	mixed_high_level	recipient_consensus	0	5	3	3	0	1.0	0.6	0.7499999999999999	0.0	0	0.0	ok
flavo	mixed_high_level	202	flavo_mixed_high_level	mixed_high_level	gcp	500	5	6	5	1	0.8333333333333334	1.0	0.9090909090909091	0.0	0	0.24912762641906738	ok
flavo	mixed_high_level	202	flavo_mixed_high_level	mixed_high_level	cmtv	500	5	34	2	32	0.058823529411764705	0.4	0.10256410256410256	0.0	0	0.22165751457214355	ok
flavo	mixed_high_level	202	flavo_mixed_high_level	mixed_high_level	plie	500	5	20	5	15	0.25	1.0	0.4	0.0	0	0.26996493339538574	ok
flavo	mixed_high_level	303	flavo_mixed_high_level	mixed_high_level	recipient_consensus	0	5	2	2	0	1.0	0.4	0.5714285714285715	0.0212765957446808	0	0.0	ok
flavo	mixed_high_level	303	flavo_mixed_high_level	mixed_high_level	gcp	500	5	7	5	2	0.7142857142857143	1.0	0.8333333333333333	0.0	0	0.23104023933410645	ok
flavo	mixed_high_level	303	flavo_mixed_high_level	mixed_high_level	cmtv	500	5	37	2	35	0.05405405405405406	0.4	0.09523809523809523	0.0	0	0.22095823287963867	ok
flavo	mixed_high_level	303	flavo_mixed_high_level	mixed_high_level	plie	500	5	23	4	19	0.17391304347826086	0.8	0.2857142857142857	0.0	0	0.29705071449279785	ok
gamma	genus	101	gamma_genus	replacement_only	recipient_consensus	0	4	0	0	0	0.0	0.0	0.0	0.0	4	0.0	ok
gamma	genus	101	gamma_genus	replacement_only	gcp	427	4	6	0	6	0.0	0.0	0.0	0.0	0	0.2214198112487793	ok
gamma	genus	101	gamma_genus	replacement_only	cmtv	427	4	26	0	26	0.0	0.0	0.0	0.0	0	0.16049504280090332	ok
gamma	genus	101	gamma_genus	replacement_only	plie	427	4	24	0	24	0.0	0.0	0.0	0.0	0	0.26649928092956543	ok
gamma	genus	101	gamma_genus	combined	recipient_consensus	0	4	0	0	0	0.0	0.0	0.0	0.0232558139534883	4	0.0	ok
gamma	genus	101	gamma_genus	combined	gcp	427	4	5	0	5	0.0	0.0	0.0	0.0	0	0.22225499153137207	ok
gamma	genus	101	gamma_genus	combined	cmtv	427	4	30	0	30	0.0	0.0	0.0	0.0	0	0.15964007377624512	ok
gamma	genus	101	gamma_genus	combined	plie	427	4	23	1	22	0.043478260869565216	0.25	0.07407407407407408	0.0	0	0.26122093200683594	ok
gamma	genus	202	gamma_genus	replacement_only	recipient_consensus	0	4	1	1	0	1.0	0.25	0.4	0.0	4	0.0	ok
gamma	genus	202	gamma_genus	replacement_only	gcp	427	4	6	1	5	0.16666666666666666	0.25	0.2	0.0	0	0.22278833389282227	ok
gamma	genus	202	gamma_genus	replacement_only	cmtv	427	4	25	0	25	0.0	0.0	0.0	0.0	0	0.16175246238708496	ok
gamma	genus	202	gamma_genus	replacement_only	plie	427	4	27	1	26	0.037037037037037035	0.25	0.06451612903225806	0.0	0	0.2549574375152588	ok
gamma	genus	202	gamma_genus	combined	recipient_consensus	0	4	0	0	0	0.0	0.0	0.0	0.0232558139534883	4	0.0	ok
gamma	genus	202	gamma_genus	combined	gcp	427	4	7	0	7	0.0	0.0	0.0	0.0	0	0.23012399673461914	ok
gamma	genus	202	gamma_genus	combined	cmtv	427	4	26	1	25	0.038461538461538464	0.25	0.06666666666666668	0.0	0	0.15790700912475586	ok
gamma	genus	202	gamma_genus	combined	plie	427	4	23	1	22	0.043478260869565216	0.25	0.07407407407407408	0.0	0	0.2738611698150635	ok
gamma	genus	303	gamma_genus	replacement_only	recipient_consensus	0	4	0	0	0	0.0	0.0	0.0	0.0	4	0.0	ok
gamma	genus	303	gamma_genus	replacement_only	gcp	427	4	7	0	7	0.0	0.0	0.0	0.0	0	0.22220873832702637	ok
gamma	genus	303	gamma_genus	replacement_only	cmtv	427	4	26	0	26	0.0	0.0	0.0	0.0	0	0.18585753440856934	ok
gamma	genus	303	gamma_genus	replacement_only	plie	427	4	22	0	22	0.0	0.0	0.0	0.0	0	0.2567565441131592	ok
gamma	genus	303	gamma_genus	combined	recipient_consensus	0	4	0	0	0	0.0	0.0	0.0	0.0	4	0.0	ok
gamma	genus	303	gamma_genus	combined	gcp	427	4	6	0	6	0.0	0.0	0.0	0.0	0	0.22080540657043457	ok
gamma	genus	303	gamma_genus	combined	cmtv	427	4	26	0	26	0.0	0.0	0.0	0.0	0	0.15755105018615723	ok
gamma	genus	303	gamma_genus	combined	plie	427	4	28	1	27	0.03571428571428571	0.25	0.0625	0.0	0	0.25815582275390625	ok
gamma	family	101	gamma_family	replacement_only	recipient_consensus	0	4	3	3	0	1.0	0.75	0.8571428571428571	0.0697674418604651	3	0.0	ok
gamma	family	101	gamma_family	replacement_only	gcp	427	3	10	2	8	0.2	0.6666666666666666	0.30769230769230765	0.0	0	0.22308683395385742	ok
gamma	family	101	gamma_family	replacement_only	cmtv	427	3	28	1	27	0.03571428571428571	0.3333333333333333	0.06451612903225806	0.0	0	0.1584336757659912	ok
gamma	family	101	gamma_family	replacement_only	plie	427	3	22	2	20	0.09090909090909091	0.6666666666666666	0.16	0.0	0	0.28804612159729004	ok
gamma	family	101	gamma_family	combined	recipient_consensus	0	4	1	1	0	1.0	0.25	0.4	0.0697674418604651	4	0.0	ok
gamma	family	101	gamma_family	combined	gcp	427	4	10	1	9	0.1	0.25	0.14285714285714288	0.0	0	0.22683048248291016	ok
gamma	family	101	gamma_family	combined	cmtv	427	4	28	2	26	0.07142857142857142	0.5	0.125	0.0	0	0.16169095039367676	ok
gamma	family	101	gamma_family	combined	plie	427	4	22	2	20	0.09090909090909091	0.5	0.15384615384615385	0.0	0	0.25974512100219727	ok
gamma	family	202	gamma_family	replacement_only	recipient_consensus	0	4	1	1	0	1.0	0.25	0.4	0.0	4	0.0	ok
gamma	family	202	gamma_family	replacement_only	gcp	427	4	7	2	5	0.2857142857142857	0.5	0.36363636363636365	0.0	0	0.22189640998840332	ok
gamma	family	202	gamma_family	replacement_only	cmtv	427	4	27	3	24	0.1111111111111111	0.75	0.19354838709677416	0.0	0	0.15756726264953613	ok
gamma	family	202	gamma_family	replacement_only	plie	427	4	12	2	10	0.16666666666666666	0.5	0.25	0.0	0	0.2738010883331299	ok
gamma	family	202	gamma_family	combined	recipient_consensus	0	4	2	2	0	1.0	0.5	0.6666666666666666	0.0232558139534883	4	0.0	ok
gamma	family	202	gamma_family	combined	gcp	427	4	8	1	7	0.125	0.25	0.16666666666666666	0.0	0	0.22265863418579102	ok
gamma	family	202	gamma_family	combined	cmtv	427	4	31	2	29	0.06451612903225806	0.5	0.1142857142857143	0.0	0	0.16000699996948242	ok
gamma	family	202	gamma_family	combined	plie	427	4	26	1	25	0.038461538461538464	0.25	0.06666666666666668	0.0	0	0.26624250411987305	ok
gamma	family	303	gamma_family	replacement_only	recipient_consensus	0	4	1	1	0	1.0	0.25	0.4	0.0	4	0.0	ok
gamma	family	303	gamma_family	replacement_only	gcp	427	4	10	1	9	0.1	0.25	0.14285714285714288	0.0	0	0.22305679321289062	ok
gamma	family	303	gamma_family	replacement_only	cmtv	427	4	30	1	29	0.03333333333333333	0.25	0.058823529411764705	0.0	0	0.15671229362487793	ok
gamma	family	303	gamma_family	replacement_only	plie	427	4	22	0	22	0.0	0.0	0.0	0.0	0	0.26967597007751465	ok
gamma	family	303	gamma_family	combined	recipient_consensus	0	4	2	2	0	1.0	0.5	0.6666666666666666	0.0	4	0.0	ok
gamma	family	303	gamma_family	combined	gcp	427	4	10	2	8	0.2	0.5	0.28571428571428575	0.0	0	0.22008705139160156	ok
gamma	family	303	gamma_family	combined	cmtv	427	4	27	1	26	0.037037037037037035	0.25	0.06451612903225806	0.0	0	0.15805554389953613	ok
gamma	family	303	gamma_family	combined	plie	427	4	23	3	20	0.13043478260869565	0.75	0.22222222222222218	0.0	0	0.3174710273742676	ok
gamma	order	101	gamma_order	replacement_only	recipient_consensus	0	4	3	3	0	1.0	0.75	0.8571428571428571	0.0	3	0.0	ok
gamma	order	101	gamma_order	replacement_only	gcp	427	3	4	1	3	0.25	0.3333333333333333	0.28571428571428575	0.0	0	0.221116304397583	ok
gamma	order	101	gamma_order	replacement_only	cmtv	427	3	28	0	28	0.0	0.0	0.0	0.0	0	0.16329550743103027	ok
gamma	order	101	gamma_order	replacement_only	plie	427	3	25	1	24	0.04	0.3333333333333333	0.07142857142857142	0.0	0	0.380995512008667	ok
gamma	order	101	gamma_order	combined	recipient_consensus	0	4	2	2	0	1.0	0.5	0.6666666666666666	0.0697674418604651	4	0.0	ok
gamma	order	101	gamma_order	combined	gcp	427	4	7	4	3	0.5714285714285714	1.0	0.7272727272727273	0.0	0	0.22124552726745605	ok
gamma	order	101	gamma_order	combined	cmtv	427	4	27	2	25	0.07407407407407407	0.5	0.12903225806451613	0.0	0	0.157973051071167	ok
gamma	order	101	gamma_order	combined	plie	427	4	10	4	6	0.4	1.0	0.5714285714285715	0.0	0	0.25312232971191406	ok
gamma	order	202	gamma_order	replacement_only	recipient_consensus	0	4	2	2	0	1.0	0.5	0.6666666666666666	0.0232558139534883	4	0.0	ok
gamma	order	202	gamma_order	replacement_only	gcp	427	4	7	3	4	0.42857142857142855	0.75	0.5454545454545454	0.0	0	0.2250514030456543	ok
gamma	order	202	gamma_order	replacement_only	cmtv	427	4	21	2	19	0.09523809523809523	0.5	0.16	0.0	0	0.15790653228759766	ok
gamma	order	202	gamma_order	replacement_only	plie	427	4	22	3	19	0.13636363636363635	0.75	0.23076923076923075	0.0	0	0.2570180892944336	ok
gamma	order	202	gamma_order	combined	recipient_consensus	0	4	2	2	0	1.0	0.5	0.6666666666666666	0.0232558139534883	4	0.0	ok
gamma	order	202	gamma_order	combined	gcp	427	4	4	1	3	0.25	0.25	0.25	0.0	0	0.22406339645385742	ok
gamma	order	202	gamma_order	combined	cmtv	427	4	29	2	27	0.06896551724137931	0.5	0.1212121212121212	0.0	0	0.15869426727294922	ok
gamma	order	202	gamma_order	combined	plie	427	4	21	1	20	0.047619047619047616	0.25	0.08	0.0	0	0.2602376937866211	ok
gamma	order	303	gamma_order	replacement_only	recipient_consensus	0	4	4	4	0	1.0	1.0	1.0	-0.0232558139534883	4	0.0	ok
gamma	order	303	gamma_order	replacement_only	gcp	427	4	7	4	3	0.5714285714285714	1.0	0.7272727272727273	0.0	0	0.2227017879486084	ok
gamma	order	303	gamma_order	replacement_only	cmtv	427	4	28	0	28	0.0	0.0	0.0	0.0	0	0.1559906005859375	ok
gamma	order	303	gamma_order	replacement_only	plie	427	4	22	4	18	0.18181818181818182	1.0	0.3076923076923077	0.0	0	0.2598147392272949	ok
gamma	order	303	gamma_order	combined	recipient_consensus	0	4	4	4	0	1.0	1.0	1.0	0.0	4	0.0	ok
gamma	order	303	gamma_order	combined	gcp	427	4	9	4	5	0.4444444444444444	1.0	0.6153846153846153	0.0	0	0.22194457054138184	ok
gamma	order	303	gamma_order	combined	cmtv	427	4	31	0	31	0.0	0.0	0.0	0.0	0	0.1567232608795166	ok
gamma	order	303	gamma_order	combined	plie	427	4	20	4	16	0.2	1.0	0.33333333333333337	0.0	0	0.25863027572631836	ok
gamma	mixed_high_level	101	gamma_mixed_high_level	mixed_high_level	recipient_consensus	0	5	2	2	0	1.0	0.4	0.5714285714285715	0.0232558139534883	4	0.0	ok
gamma	mixed_high_level	101	gamma_mixed_high_level	mixed_high_level	gcp	427	5	6	4	2	0.6666666666666666	0.8	0.7272727272727272	0.0	0	0.22143292427062988	ok
gamma	mixed_high_level	101	gamma_mixed_high_level	mixed_high_level	cmtv	427	5	28	2	26	0.07142857142857142	0.4	0.12121212121212122	0.0	0	0.1563429832458496	ok
gamma	mixed_high_level	101	gamma_mixed_high_level	mixed_high_level	plie	427	5	21	4	17	0.19047619047619047	0.8	0.3076923076923077	0.0	0	0.2628812789916992	ok
gamma	mixed_high_level	202	gamma_mixed_high_level	mixed_high_level	recipient_consensus	0	5	2	2	0	1.0	0.4	0.5714285714285715	0.0232558139534883	3	0.0	ok
gamma	mixed_high_level	202	gamma_mixed_high_level	mixed_high_level	gcp	427	4	5	2	3	0.4	0.5	0.4444444444444445	0.0	0	0.22348761558532715	ok
gamma	mixed_high_level	202	gamma_mixed_high_level	mixed_high_level	cmtv	427	4	28	1	27	0.03571428571428571	0.25	0.0625	0.0	0	0.16007232666015625	ok
gamma	mixed_high_level	202	gamma_mixed_high_level	mixed_high_level	plie	427	4	16	2	14	0.125	0.5	0.2	0.0	0	0.30620336532592773	ok
gamma	mixed_high_level	303	gamma_mixed_high_level	mixed_high_level	recipient_consensus	0	5	3	3	0	1.0	0.6	0.7499999999999999	0.0465116279069767	4	0.0	ok
gamma	mixed_high_level	303	gamma_mixed_high_level	mixed_high_level	gcp	427	5	10	5	5	0.5	1.0	0.6666666666666666	0.0	0	0.22289013862609863	ok
gamma	mixed_high_level	303	gamma_mixed_high_level	mixed_high_level	cmtv	427	5	32	0	32	0.0	0.0	0.0	0.0	0	0.15785622596740723	ok
gamma	mixed_high_level	303	gamma_mixed_high_level	mixed_high_level	plie	427	5	21	5	16	0.23809523809523808	1.0	0.3846153846153846	0.0	0	0.2563762664794922	ok
